{
  "spearman_gbar": {
    "rho": 0.0849261459544937,
    "p": 1.0190272309270773e-05
  },
  "spearman_theta": {
    "rho": 0.0849261459544937,
    "p": 1.0190272309270773e-05
  },
  "anderson_darling": {
    "statistic": 9.276429511825881,
    "critical_5pct": 0.752,
    "normal": false
  },
  "reduced_chi2": {
    "chi2": 2815.050165139434,
    "dof": 2692,
    "chi2_reduced": 1.0457095710027615,
    "sigma_assumed_dex": 0.13
  },
  "mad": {
    "mad": 0.07862460023570848,
    "sigma_mad": 0.11656883230946138,
    "sigma_std": 0.13286414473892766
  }
}